ID,fen,lasso
GSM3816544,C2,1
GSM3816545,C2,1
GSM3816546,C1,0
GSM3816547,C2,1
GSM3816548,C2,1
GSM3816549,C1,0
GSM3816550,C2,1
GSM3816551,C2,1
GSM3816552,C1,0
GSM3816553,C1,0
GSM3816554,C2,1
GSM3816555,C2,1
GSM3816556,C2,1
GSM3816557,C2,1
GSM3816558,C1,0
GSM3816559,C1,0
GSM3816560,C2,1
GSM3816561,C2,1
GSM3816562,C2,1
GSM3816563,C2,1
GSM3816564,C1,0
GSM3816565,C2,1
GSM3816566,C2,1
GSM3816567,C2,1
GSM3816568,C2,1
GSM3816569,C2,1
GSM3816570,C2,1
GSM3816571,C2,1
GSM3816572,C2,1
GSM3816573,C2,1
GSM3816574,C2,1
GSM3816575,C2,1
GSM3816576,C2,1
GSM3816577,C2,1
GSM3816578,C1,0
GSM3816579,C2,1
GSM3816580,C2,1
GSM3816581,C2,1
GSM3816582,C2,1
GSM3816583,C1,0
GSM3816584,C1,0
GSM3816585,C2,1
GSM3816586,C2,1
GSM3816587,C2,1
GSM3816588,C1,0
GSM3816589,C2,1
GSM3816590,C2,1
GSM3816591,C1,0
GSM3816592,C2,1
GSM3816593,C2,1
GSM3816594,C2,1
GSM3816595,C1,0
GSM3816596,C2,1
GSM3816597,C2,1
GSM3816598,C2,1
GSM3816599,C2,1
GSM3816600,C2,1
GSM3816601,C2,1
GSM3816602,C2,1
GSM3816603,C2,1
GSM3816604,C1,0
GSM3816605,C2,1
GSM3816606,C2,1
GSM3816607,C1,0
GSM3816608,C1,0
GSM3816609,C1,0
GSM3816610,C2,1
GSM3816611,C2,1
GSM3816612,C1,0
GSM3816613,C2,1
GSM3816614,C2,1
GSM3816615,C1,0
GSM3816616,C1,0
GSM3816617,C1,0
GSM3816618,C2,1
GSM3816619,C2,1
GSM3816620,C2,1
GSM3816621,C2,1
GSM3816622,C2,1
GSM3816623,C2,1
GSM3816624,C2,1
GSM3816625,C2,1
GSM3816626,C1,0
GSM3816627,C1,0
GSM3816628,C1,0
GSM3816629,C2,1
GSM3816630,C2,1
GSM3816631,C2,1
GSM3816632,C2,1
GSM3816633,C2,1
GSM3816634,C2,1
GSM3816635,C2,1
GSM3816636,C2,1
GSM3816637,C2,1
GSM3816638,C2,1
GSM3816639,C1,0
GSM3816640,C2,1
GSM3816641,C1,0
GSM3816642,C2,1
GSM3816643,C1,0
GSM3816644,C1,0
GSM3816645,C1,0
GSM3816646,C1,0
GSM3816647,C1,0
GSM3816648,C1,0
GSM3816649,C2,1
GSM3816650,C2,1
GSM3816651,C2,1
GSM3816652,C1,0
GSM3816653,C2,1
GSM3816654,C2,1
GSM3816655,C2,1
GSM3816656,C2,1
GSM3816657,C1,0
