ID,SIRS,sepsis
GSM3816544,0,1
GSM3816545,0,1
GSM3816546,1,0
GSM3816547,0,1
GSM3816548,0,1
GSM3816549,1,0
GSM3816550,0,1
GSM3816551,0,1
GSM3816552,1,0
GSM3816553,1,0
GSM3816554,0,1
GSM3816555,0,1
GSM3816556,0,1
GSM3816557,0,1
GSM3816558,1,0
GSM3816559,1,0
GSM3816560,0,1
GSM3816561,0,1
GSM3816562,0,1
GSM3816563,0,1
GSM3816564,1,0
GSM3816565,0,1
GSM3816566,0,1
GSM3816567,0,1
GSM3816568,0,1
GSM3816569,0,1
GSM3816570,0,1
GSM3816571,0,1
GSM3816572,0,1
GSM3816573,0,1
GSM3816574,0,1
GSM3816575,0,1
GSM3816576,0,1
GSM3816577,0,1
GSM3816578,1,0
GSM3816579,0,1
GSM3816580,0,1
GSM3816581,0,1
GSM3816582,0,1
GSM3816583,1,0
GSM3816584,1,0
GSM3816585,0,1
GSM3816586,0,1
GSM3816587,0,1
GSM3816588,1,0
GSM3816589,0,1
GSM3816590,0,1
GSM3816591,1,0
GSM3816592,0,1
GSM3816593,0,1
GSM3816594,0,1
GSM3816596,0,1
GSM3816597,0,1
GSM3816598,0,1
GSM3816599,0,1
GSM3816600,0,1
GSM3816601,0,1
GSM3816602,0,1
GSM3816603,0,1
GSM3816604,1,0
GSM3816605,0,1
GSM3816607,1,0
GSM3816608,1,0
GSM3816609,1,0
GSM3816610,0,1
GSM3816611,0,1
GSM3816612,1,0
GSM3816613,0,1
GSM3816614,0,1
GSM3816615,1,0
GSM3816616,1,0
GSM3816617,1,0
GSM3816618,0,1
GSM3816619,0,1
GSM3816620,0,1
GSM3816621,0,1
GSM3816622,0,1
GSM3816623,0,1
GSM3816624,0,1
GSM3816625,0,1
GSM3816626,1,0
GSM3816627,1,0
GSM3816628,1,0
GSM3816629,0,1
GSM3816630,0,1
GSM3816631,0,1
GSM3816632,0,1
GSM3816633,0,1
GSM3816634,0,1
GSM3816635,0,1
GSM3816636,0,1
GSM3816637,0,1
GSM3816638,0,1
GSM3816639,1,0
GSM3816640,0,1
GSM3816641,1,0
GSM3816642,0,1
GSM3816643,1,0
GSM3816644,1,0
GSM3816645,1,0
GSM3816646,1,0
GSM3816647,1,0
GSM3816648,1,0
GSM3816649,0,1
GSM3816650,0,1
GSM3816651,0,1
GSM3816652,1,0
GSM3816653,0,1
GSM3816654,0,1
GSM3816655,0,1
GSM3816657,1,0
