,LAIR1,PLAC8,ACSS2,PCOLCE2,type
GSM3816546,10.66745853,9.776788985,8.829936708,9.205802189,0
GSM3816549,9.507301082,9.823438461,8.318435815,6.874125358,0
GSM3816552,9.854320765,9.928552069,9.00335439,7.027770103,0
GSM3816553,9.599826041,9.579626761,8.674213554,7.166656286,0
GSM3816558,10.75775238,11.3073071,8.647229877,10.58734853,0
GSM3816559,10.34007057,10.21911892,8.973359695,7.816099033,0
GSM3816564,9.89436443,10.24582827,8.751571633,8.115221508,0
GSM3816578,9.980606093,9.886726231,8.278467515,7.223972796,0
GSM3816583,9.789609563,10.45161919,8.928133588,8.145621716,0
GSM3816584,10.93710913,10.82155806,8.780340129,9.82328328,0
GSM3816588,9.997313517,10.73080598,8.33572497,7.921102598,0
GSM3816591,9.555729301,9.813591872,8.62485199,7.481193561,0
GSM3816595,9.631537565,9.965868323,7.147319376,7.623396049,0
GSM3816604,10.30639036,10.00509479,8.595672331,7.71004434,0
GSM3816607,9.891869697,10.39621202,8.533750531,7.344701669,0
GSM3816608,9.4737285,10.27109432,8.769636421,8.212601086,0
GSM3816609,10.22152106,10.71400588,8.912094069,9.283556079,0
GSM3816612,10.6022482,10.00743189,9.177464552,7.525289972,0
GSM3816615,9.307827441,9.780952954,8.20598045,7.30118972,0
GSM3816616,9.900965947,9.895457357,8.537562481,7.281581321,0
GSM3816617,10.32251653,9.825855811,8.932729493,7.443011384,0
GSM3816623,10.49947073,10.07862359,8.871644077,9.693865517,0
GSM3816626,9.405231899,10.04196284,8.454261296,7.632046741,0
GSM3816627,10.10746448,10.06878412,9.040032194,7.442479083,0
GSM3816628,9.850429065,9.803688473,8.827051812,7.769559786,0
GSM3816641,10.16906818,11.38617857,8.94639515,8.869062249,0
GSM3816643,10.05483451,10.6071422,8.525706505,7.934221606,0
GSM3816644,10.08681023,10.13895804,8.628756174,6.963449164,0
GSM3816645,10.31503531,10.88067365,8.77070168,7.666666673,0
GSM3816646,8.950648862,9.416867593,8.467904381,7.625972979,0
GSM3816647,10.15793298,9.961868821,8.649127973,8.630570151,0
GSM3816648,9.921636547,10.41497703,8.742278001,8.52587833,0
GSM3816652,9.734364508,10.01185177,8.545959517,7.069884519,0
GSM3816544,11.51890976,11.59118534,9.888054146,10.07213501,1
GSM3816545,10.54083388,10.41701101,8.613631672,8.898267967,1
GSM3816547,11.1142932,11.07208402,9.332760909,7.790940456,1
GSM3816548,10.33838011,10.47701066,8.631067251,8.400919865,1
GSM3816550,9.984549532,9.967278827,9.018427643,8.669833726,1
GSM3816551,12.26312693,10.92315038,9.927817684,11.21118608,1
GSM3816554,12.08751501,12.0259813,10.70838839,11.89348924,1
GSM3816555,10.43467143,10.63696526,8.666993549,9.704270358,1
GSM3816556,9.778012127,10.50902439,8.873657515,8.648162692,1
GSM3816557,11.97549305,11.64380504,9.707156443,10.73934589,1
GSM3816560,11.73054386,11.90625847,9.61833749,10.8279412,1
GSM3816561,9.952017133,9.749009441,8.680913564,7.139371916,1
GSM3816562,12.20641897,11.63664486,9.265883195,10.032554,1
GSM3816563,11.82211106,10.92309657,8.68728308,8.330461777,1
GSM3816565,12.46944623,12.10759158,10.03715906,10.66972643,1
GSM3816566,10.55347062,10.89720042,9.192588117,8.743855883,1
GSM3816567,10.5899876,10.50523418,9.006765918,7.417565765,1
GSM3816568,10.68616538,10.23374767,8.851116569,7.14649395,1
GSM3816569,10.43733758,10.91268088,9.049756713,7.953945065,1
GSM3816570,9.87732929,9.507624176,9.448648556,8.37978305,1
GSM3816571,10.09046094,10.02619121,9.168389624,7.669415511,1
GSM3816572,9.428690293,9.691884741,8.412685161,7.387751957,1
GSM3816573,10.13429535,10.06856235,8.75397004,7.748512601,1
GSM3816574,10.71329134,10.19917257,9.324725218,8.037347601,1
GSM3816575,10.69366161,10.40825554,8.891330849,9.15677216,1
GSM3816576,10.90375343,10.17074147,8.918922974,6.990065932,1
GSM3816577,10.97080217,11.48955604,8.887297535,10.49009248,1
GSM3816579,12.2587008,12.17908114,9.767307892,11.76670578,1
GSM3816580,12.13033668,11.8952961,9.477249689,11.51011027,1
GSM3816581,10.2545872,9.6192088,8.380631176,8.435661929,1
GSM3816582,12.21246375,11.80373733,10.032554,11.27629133,1
GSM3816585,10.06711444,9.390662886,9.02646297,7.50289814,1
GSM3816586,10.0503763,10.51488353,9.120114396,7.88291686,1
GSM3816587,11.72841347,11.62218596,9.763857088,10.12755163,1
GSM3816589,10.06298805,10.99406833,9.07163224,8.267236091,1
GSM3816590,9.903495733,10.75226428,9.239196431,8.999708824,1
GSM3816592,10.72581941,10.54682744,9.381016537,9.975200627,1
GSM3816593,9.692859503,10.0720746,9.156872791,6.867971139,1
GSM3816594,12.75544017,11.87155906,10.1857578,10.54612188,1
GSM3816596,11.60844638,11.90009083,9.471713023,11.45790978,1
GSM3816597,10.9142728,11.72845126,9.060935816,8.976625762,1
GSM3816598,12.65625318,11.30326247,9.400722571,11.44936024,1
GSM3816599,10.97302153,11.58526038,9.348576162,9.75872449,1
GSM3816600,10.09335773,9.874492419,9.145234277,7.973688653,1
GSM3816601,10.20530863,9.935045925,9.105995289,7.746674061,1
GSM3816602,11.06059561,11.35742938,9.059277699,10.24571325,1
GSM3816603,11.96719323,11.64899278,8.961270615,9.342551193,1
GSM3816605,12.30222597,12.09636157,9.546841244,12.47147601,1
GSM3816606,10.45872001,10.46541917,9.123507483,8.460827605,1
GSM3816610,10.02322856,9.97145678,8.840535795,8.502188303,1
GSM3816611,10.07498725,9.803728464,8.750778672,7.783525223,1
GSM3816613,9.828414322,9.508938224,8.735117474,7.608876127,1
GSM3816614,10.37676504,10.60576476,9.488072357,9.178103546,1
GSM3816618,11.4984518,10.568557,8.818123753,9.121024631,1
GSM3816619,10.91453745,9.015563235,9.434821741,8.964534556,1
GSM3816620,9.888861976,9.6806863,9.107965646,7.589907529,1
GSM3816621,11.49411359,10.50780567,9.157383228,7.971221908,1
GSM3816622,11.09560867,10.46194024,8.899449415,8.445260449,1
GSM3816624,10.75896557,10.26624706,9.140308437,8.385009228,1
GSM3816625,11.0503185,10.74138992,9.328855491,10.98114933,1
GSM3816629,12.32204367,12.09545899,10.29040942,9.503532607,1
GSM3816630,10.22046558,9.789238876,8.774242322,8.728339029,1
GSM3816631,10.36224898,10.45713668,9.010325368,8.805672746,1
GSM3816632,9.990129057,9.954768923,8.962871786,9.302777394,1
GSM3816633,9.882911573,10.78347217,8.997936111,9.784763724,1
GSM3816634,12.08464167,11.26371057,9.33937336,10.1148791,1
GSM3816635,11.11464352,11.47380365,9.269062462,9.86857635,1
GSM3816636,10.29644741,9.826729306,8.493197326,8.038194649,1
GSM3816637,12.79695555,11.86787252,9.783429248,12.15975373,1
GSM3816638,11.87552589,11.00723057,9.912205676,9.611525231,1
GSM3816639,10.30227044,10.57553621,8.739580434,9.336870689,1
GSM3816640,9.781796308,9.692130422,8.303372298,7.532790143,1
GSM3816642,11.15793658,10.47214688,8.851833927,10.01120494,1
GSM3816649,12.16620371,12.34187175,9.813776051,9.573710526,1
GSM3816650,11.54225805,10.38030415,9.320206009,8.631265042,1
GSM3816651,12.20518622,11.86865268,9.394109628,9.529353326,1
GSM3816653,10.61797859,10.40461198,8.828479692,7.771629902,1
GSM3816654,10.25812939,9.519826448,8.999565261,9.464632752,1
GSM3816655,10.88068877,11.21659712,9.45117476,9.596753669,1
GSM3816656,9.772655896,10.05624317,8.942939591,7.359174265,1
GSM3816657,9.76174717,10.73087877,8.550608146,8.963118576,1
