,lasso,ACSS2,HK3,GPR84,CD177,GYG1,DHRS9,PCOLCE2,PDGFC,SMPDL3A,PLAC8,CD63,PFKFB2,TDRD9,LAIR1,EXOSC4
GSM3816544,1,9.888054146,13.87697599,13.03707308,14.38261915,13.30833149,13.74923284,10.07213501,9.700816004,12.00956519,11.59118534,16.35373135,12.27285415,11.69063044,11.51890976,13.04258045
GSM3816545,1,8.613631672,12.58096629,10.58180554,12.87604813,12.95580289,13.32081215,8.898267967,9.153090352,9.864034041,10.41701101,15.6723568,11.33174967,12.07760655,10.54083388,11.50613805
GSM3816546,0,8.829936708,10.62301443,10.09357037,10.97484428,11.3451643,11.2828358,9.205802189,7.834804215,8.162868729,9.776788985,15.00976396,9.987188235,10.72440175,10.66745853,11.18468005
GSM3816547,1,9.332760909,12.71718411,11.20590801,12.57350888,11.94757244,11.5336109,7.790940456,8.717152932,10.42539228,11.07208402,15.79325918,10.3810524,11.33774314,11.1142932,11.91369975
GSM3816548,1,8.631067251,10.96863315,9.443070268,9.9350238,10.27378014,10.26057209,8.400919865,7.765951365,8.968199266,10.47701066,15.24365157,9.094388305,10.90887012,10.33838011,10.09474205
GSM3816549,0,8.318435815,9.566325863,10.65823672,9.524777914,10.58093265,10.91637636,6.874125358,7.77323525,9.350121239,9.823438461,14.64301498,9.911058482,9.638503449,9.507301082,10.10821944
GSM3816550,1,9.018427643,10.78929348,9.520534751,9.552179194,11.49666395,9.176318072,8.669833726,7.570597307,8.329359764,9.967278827,15.61687924,9.211892628,10.86103187,9.984549532,10.68092204
GSM3816551,1,9.927817684,12.91395401,10.96437337,12.25317087,13.39954253,11.10890473,11.21118608,9.385389477,9.976108735,10.92315038,16.44312161,10.52565899,12.24403831,12.26312693,12.50503875
GSM3816552,0,9.00335439,10.59456765,9.687570695,10.47579851,11.13450907,10.55473166,7.027770103,7.516622276,8.596362401,9.928552069,14.29546562,9.935083449,10.13697747,9.854320765,10.56585762
GSM3816553,0,8.674213554,11.66040879,12.90155273,10.80050615,11.4535057,12.53540388,7.166656286,7.186336872,9.349680272,9.579626761,14.48672724,10.27079029,8.959510353,9.599826041,11.62000166
GSM3816554,1,10.70838839,13.56377009,12.88620834,14.89473721,13.0539731,13.47030825,11.89348924,9.559059755,11.02807888,12.0259813,15.98893991,11.73969423,13.24624487,12.08751501,14.04064924
GSM3816555,1,8.666993549,11.59991514,10.42916185,11.18301251,10.5752661,10.06063379,9.704270358,7.313581418,7.804183444,10.63696526,15.56849077,9.540093739,10.11273186,10.43467143,10.90721346
GSM3816556,1,8.873657515,10.80727132,10.25879021,11.93690738,11.8835749,11.69455051,8.648162692,8.062567711,9.366749057,10.50902439,15.64955507,9.747965769,12.0845575,9.778012127,12.01367726
GSM3816557,1,9.707156443,11.95616034,12.35179971,13.33030238,12.5654216,12.70501458,10.73934589,9.179545058,11.78948749,11.64380504,15.13487214,11.68725907,12.01458238,11.97549305,12.82325771
GSM3816558,0,8.647229877,12.15793775,11.75599892,12.26435946,12.01852506,11.77282358,10.58734853,8.785317925,10.58943518,11.3073071,15.17262634,11.64798714,11.10779266,10.75775238,12.0660155
GSM3816559,0,8.973359695,11.43696488,9.907551204,10.90912414,11.30380572,10.644703,7.816099033,8.310485255,9.059578228,10.21911892,15.26809948,10.01290085,11.07844036,10.34007057,10.60477721
GSM3816560,1,9.61833749,12.01205389,12.76286391,12.79300236,12.5363365,14.04704621,10.8279412,9.385138711,12.23024536,11.90625847,16.12669945,12.38686297,12.07325038,11.73054386,12.56579605
GSM3816561,1,8.680913564,10.488835,8.526313155,8.03229823,9.957339754,8.885507426,7.139371916,7.510923916,7.962541455,9.749009441,14.40602054,8.154412133,8.893447657,9.952017133,10.11199439
GSM3816562,1,9.265883195,12.55174767,12.42497721,10.89070445,12.5184033,12.13323858,10.032554,9.393855758,11.23222591,11.63664486,16.34503575,12.23236375,11.28100141,12.20641897,12.77223555
GSM3816563,1,8.68728308,13.04771865,10.80330065,12.06112811,12.77390792,11.22144697,8.330461777,8.956917088,10.15108254,10.92309657,16.2105861,11.19483937,12.17281867,11.82211106,12.28875911
GSM3816564,0,8.751571633,11.66416215,8.766425696,10.55315397,10.95112207,9.59147935,8.115221508,7.778102878,9.800329336,10.24582827,15.27618877,8.913310774,10.13135417,9.89436443,10.06078964
GSM3816565,1,10.03715906,12.88117369,12.88240178,13.36660395,12.54689326,12.50116661,10.66972643,8.905780204,12.60370913,12.10759158,15.99593159,11.83283511,12.46163397,12.46944623,12.79033898
GSM3816566,1,9.192588117,13.16401672,11.53637741,13.45711807,11.80459534,11.73436124,8.743855883,8.932661085,10.94447068,10.89720042,15.58407336,10.97056671,11.5565615,10.55347062,11.26014797
GSM3816567,1,9.006765918,11.67939266,10.29138624,11.67031972,11.80528682,11.35689384,7.417565765,8.456445771,9.633484918,10.50523418,15.78739843,10.43641925,12.27933163,10.5899876,11.97169672
GSM3816568,1,8.851116569,11.47913421,8.766509138,10.94438964,10.71558461,9.744437582,7.14649395,7.689491225,9.257753978,10.23374767,15.16844776,8.633236987,9.642576022,10.68616538,11.02088971
GSM3816569,1,9.049756713,11.5730159,12.57170454,12.71485065,12.27240679,13.61310016,7.953945065,8.819763926,11.66594168,10.91268088,15.75946767,12.84720538,11.59922632,10.43733758,12.43259308
GSM3816570,1,9.448648556,10.94863432,10.19953271,11.01159931,11.9026668,11.65525053,8.37978305,7.850137259,8.61776394,9.507624176,15.39066327,9.450647408,10.82541311,9.87732929,11.83139304
GSM3816571,1,9.168389624,12.26175902,9.457585306,10.91279661,11.78481458,9.483334214,7.669415511,7.574864078,8.911879033,10.02619121,15.21787828,9.562169149,10.40195242,10.09046094,10.69059546
GSM3816572,1,8.412685161,10.40095308,7.560864185,7.053389259,10.29715571,9.598127532,7.387751957,7.583452495,7.788673167,9.691884741,14.57423282,8.082473091,9.860551976,9.428690293,10.35305886
GSM3816573,1,8.75397004,10.76464814,10.09839999,10.33168847,10.29320952,9.312709364,7.748512601,7.494036427,8.372813942,10.06856235,14.64570081,9.266331883,9.467891994,10.13429535,10.50492587
GSM3816574,1,9.324725218,12.84309946,10.37903938,11.22777688,12.03568774,11.25678725,8.037347601,8.331170284,9.595112178,10.19917257,15.17262634,11.08771293,11.22647093,10.71329134,10.56564337
GSM3816575,1,8.891330849,11.55799799,9.749289424,10.87571575,10.87661844,11.26617823,9.15677216,7.906270042,9.160110538,10.40825554,16.02396295,9.192114384,10.10514907,10.69366161,10.74171062
GSM3816576,1,8.918922974,11.26099028,11.32470401,11.1348492,10.67082399,10.59284384,6.990065932,8.965857457,10.2445575,10.17074147,14.88943032,9.959396228,10.35855681,10.90375343,10.56542349
GSM3816577,1,8.887297535,12.34098787,11.83139304,13.74325128,12.25382096,12.80299787,10.49009248,9.782532802,9.226288551,11.48955604,15.6723568,11.43469811,11.98105941,10.97080217,12.51334114
GSM3816578,0,8.278467515,10.89723695,8.524347768,10.39114046,10.3293129,10.48762709,7.223972796,7.513092439,8.264226707,9.886726231,14.48672724,9.113326986,9.999015009,9.980606093,10.56067871
GSM3816579,1,9.767307892,13.96019569,12.23560141,12.74606854,12.71016801,13.62213481,11.76670578,9.364610524,11.94567977,12.17908114,16.67478572,12.23941403,12.14118306,12.2587008,12.76407933
GSM3816580,1,9.477249689,12.80426496,12.42902136,12.82244453,12.84451463,13.15130969,11.51011027,9.740856247,11.22923826,11.8952961,16.06754421,12.02488505,12.52319457,12.13033668,12.73605161
GSM3816581,1,8.380631176,11.27210853,10.33533765,9.3393044,10.4368704,9.513221022,8.435661929,7.526186614,8.712467859,9.6192088,14.30695656,9.194407228,9.515615247,10.2545872,8.895448849
GSM3816582,1,10.032554,12.24869878,12.59812051,13.44567297,13.72639341,12.75565979,11.27629133,9.121024631,11.13479437,11.80373733,16.50923353,11.94517219,12.46636914,12.21246375,13.49668382
GSM3816583,0,8.928133588,10.78514389,10.41441255,10.45167103,11.68828766,11.8100828,8.145621716,7.928852109,8.894571803,10.45161919,14.79172609,10.74800135,9.904367203,9.789609563,11.12088308
GSM3816584,0,8.780340129,12.15339825,10.52067799,11.73594419,12.10094454,11.13873847,9.82328328,8.563723788,9.994247433,10.82155806,15.7132933,10.58808301,11.10630298,10.93710913,11.39245245
GSM3816585,1,9.02646297,10.74434982,9.837158911,11.25604111,11.12595998,10.9380823,7.50289814,7.794845955,9.600053618,9.390662886,15.07706511,10.22379366,9.332760909,10.06711444,10.66788318
GSM3816586,1,9.120114396,12.03749914,10.53898376,12.49383526,11.99298127,11.57752178,7.88291686,8.568259683,9.048477783,10.51488353,15.40785711,10.21503897,10.69292219,10.0503763,11.5646853
GSM3816587,1,9.763857088,12.57221941,12.91271261,13.62490121,13.09861247,13.33895881,10.12755163,9.146488778,11.69796995,11.62218596,16.18170455,12.16948993,12.11397576,11.72841347,13.71695464
GSM3816588,0,8.33572497,11.55583489,10.14642776,10.9022164,11.52750657,10.67819586,7.921102598,8.026939608,9.997696877,10.73080598,15.16052796,10.53149773,10.75397148,9.997313517,10.5839798
GSM3816589,1,9.07163224,11.47983661,10.90862353,12.34712319,12.14450971,11.79714951,8.267236091,8.161678212,9.731180151,10.99406833,15.47912495,10.63529009,12.29935324,10.06298805,12.63087917
GSM3816590,1,9.239196431,12.41732803,11.59646072,11.96264981,12.0374065,11.90757473,8.999708824,8.684000601,9.464110416,10.75226428,15.76510873,11.08125406,11.2130517,9.903495733,11.84693151
GSM3816591,0,8.62485199,10.24436748,8.115043835,10.0288626,10.06333359,10.1993494,7.481193561,7.542497487,8.417936737,9.813591872,14.5374421,8.840936108,9.654577673,9.555729301,10.76718275
GSM3816592,1,9.381016537,12.90389699,11.55283831,12.1320987,13.07060314,13.53523362,9.975200627,9.718327133,9.681272138,10.54682744,16.01719415,12.22348554,12.00680844,10.72581941,13.10101269
GSM3816593,1,9.156872791,10.52298628,10.20415721,10.7915728,10.19681235,9.926177859,6.867971139,7.308100146,8.203785062,10.0720746,14.45328042,8.597591389,8.776120426,9.692859503,10.31492258
GSM3816594,1,10.1857578,13.26586425,12.94074785,13.63321616,13.18999948,13.11638324,10.54612188,9.11288143,12.97601587,11.87155906,16.3951726,11.13739573,11.72769319,12.75544017,13.30225832
GSM3816595,0,7.147319376,9.243610754,10.23808743,9.636274451,10.28652631,10.79967826,7.623396049,8.748312453,7.42386259,9.965868323,14.22716079,9.128811862,10.33627496,9.631537565,10.47400653
GSM3816596,1,9.471713023,12.71606321,12.49063484,13.76271125,12.5253111,13.08534424,11.45790978,9.44245064,11.1781222,11.90009083,16.25865233,11.79127649,12.36263835,11.60844638,12.75675628
GSM3816597,1,9.060935816,12.18113237,11.14686164,11.86186398,12.47358785,9.597575023,8.976625762,8.878923466,9.451287862,11.72845126,15.63843114,9.873437732,11.95377319,10.9142728,11.61217295
GSM3816598,1,9.400722571,14.12253485,11.61630579,13.17148629,12.77374845,12.10798727,11.44936024,9.340055959,10.72828142,11.30326247,16.03119849,11.90975197,11.21904853,12.65625318,12.25242997
GSM3816599,1,9.348576162,11.89074043,12.02552741,13.29477777,11.97872672,11.04915717,9.75872449,8.017527509,10.36408067,11.58526038,16.36216622,10.610421,11.47250481,10.97302153,12.51683729
GSM3816600,1,9.145234277,12.28117993,10.70692677,9.600229569,11.90444414,12.6956232,7.973688653,9.025207434,8.859787333,9.874492419,15.14595008,11.34777762,10.01353864,10.09335773,11.85404365
GSM3816601,1,9.105995289,11.33149764,9.914424207,11.13009214,11.14061414,10.53029857,7.746674061,7.188170642,8.583010424,9.935045925,15.18391936,8.819661026,10.46494303,10.20530863,11.16381999
GSM3816602,1,9.059277699,12.40761393,11.54676987,12.67797865,11.97624237,11.71658846,10.24571325,9.847486183,10.32067376,11.35742938,15.04007133,10.72455259,11.94742122,11.06059561,11.97687081
GSM3816603,1,8.961270615,12.76286391,13.01021135,12.74447193,12.78694766,13.35626882,9.342551193,9.446502021,12.07217788,11.64899278,16.36216622,12.50097007,12.05899816,11.96719323,12.83829541
GSM3816604,0,8.595672331,10.87455311,9.205492649,10.79446759,11.26049207,11.03675739,7.71004434,7.71004434,8.63791998,10.00509479,14.86385408,10.50521602,9.289454873,10.30639036,10.89547313
GSM3816605,1,9.546841244,13.0258919,11.91061863,13.53846906,13.48396257,13.95614493,12.47147601,9.857740813,11.68084088,12.09636157,16.08922175,12.54487995,12.3868986,12.30222597,13.07530593
GSM3816606,1,9.123507483,12.84064745,10.56564337,13.16923728,12.01468743,10.6264407,8.460827605,8.321990308,8.827827266,10.46541917,15.16052796,9.776585565,11.68975271,10.45872001,11.04119694
GSM3816607,0,8.533750531,11.64068708,10.44038844,11.02651887,10.76660279,10.19257626,7.344701669,7.411785736,8.970870206,10.39621202,15.00976396,9.775080744,9.496199621,9.891869697,10.65023463
GSM3816608,0,8.769636421,10.53215917,10.41077513,11.53002805,11.62091158,11.94659196,8.212601086,8.186433255,9.016683382,10.27109432,15.36787582,9.964769042,11.74489216,9.4737285,12.1516652
GSM3816609,0,8.912094069,12.30591351,10.73132737,11.19484607,11.57341303,11.29157929,9.283556079,8.76409285,10.05953378,10.71400588,15.58407336,11.12229436,11.01389168,10.22152106,10.93447
GSM3816610,1,8.840535795,10.45812338,9.47159067,10.6137782,11.26109106,11.43732084,8.502188303,9.295649823,9.103291638,9.97145678,14.8604233,10.37099118,10.20215729,10.02322856,10.76858413
GSM3816611,1,8.750778672,10.76787407,9.008202826,9.106757386,10.31334081,10.77517056,7.783525223,7.466886154,7.821434259,9.803728464,14.8604233,8.564238414,9.972478341,10.07498725,10.70203956
GSM3816612,0,9.177464552,11.3728691,9.869428808,10.54198157,11.32359318,11.29765114,7.525289972,7.906600031,8.754225079,10.00743189,14.2150386,10.74037561,9.786144758,10.6022482,10.52091662
GSM3816613,1,8.735117474,11.01715864,9.565017606,10.3484904,11.27173049,10.34226903,7.608876127,8.149153934,8.801675345,9.508938224,14.54249037,9.764029401,11.03442031,9.828414322,10.99859107
GSM3816614,1,9.488072357,11.25740886,12.41732803,10.67836507,11.97434944,11.8338184,9.178103546,9.00539379,10.84029831,10.60576476,14.90174471,11.52003957,11.62394089,10.37676504,11.96516853
GSM3816615,0,8.20598045,9.493647646,8.509629571,8.02528862,9.877309497,9.585222034,7.30118972,7.872579241,9.227788127,9.780952954,14.26993067,8.180805796,9.857331225,9.307827441,10.02128197
GSM3816616,0,8.537562481,11.80340155,8.909539981,10.70998938,10.04786843,9.91129048,7.281581321,8.406104316,9.416659668,9.895457357,14.66252151,9.472630795,9.379180127,9.900965947,10.46414076
GSM3816617,0,8.932729493,12.05765807,9.36980834,10.16078113,11.18421244,10.8552716,7.443011384,8.213476795,8.125148862,9.825855811,15.17628252,9.782673628,10.34961409,10.32251653,10.48105805
GSM3816618,1,8.818123753,12.02718947,13.26586425,12.35056887,12.54053576,11.43225568,9.121024631,9.992147866,10.53089181,10.568557,15.43124197,11.83788482,11.27210853,11.4984518,11.83009533
GSM3816619,1,9.434821741,11.60820387,11.54891477,10.33948784,12.37106016,12.192096,8.964534556,7.741289734,10.61240091,9.015563235,15.72515832,12.07001286,10.23461504,10.91453745,9.931117499
GSM3816620,1,9.107965646,11.10826142,9.032616834,10.71018434,11.13899939,10.11901519,7.589907529,8.118626924,8.740402069,9.6806863,14.43542194,10.68705817,10.22067625,9.888861976,10.15628872
GSM3816621,1,9.157383228,12.07846453,11.40035542,11.09585091,11.8959589,11.20035016,7.971221908,8.403685804,9.710659826,10.50780567,15.41734995,11.37166143,11.36116829,11.49411359,11.78317723
GSM3816622,1,8.899449415,13.04634646,10.6456624,13.01123203,11.93738437,11.97523109,8.445260449,8.037759107,9.246754998,10.46194024,15.81216476,11.24948663,10.15857453,11.09560867,11.48849725
GSM3816623,1,8.871644077,11.72355935,10.04744317,10.63374108,12.24016522,12.64967857,9.693865517,8.399443281,9.120721877,10.07862359,14.91895829,11.54307076,10.91661317,10.49947073,12.10962506
GSM3816624,1,9.140308437,11.9161795,9.559327859,12.44050767,11.78130581,12.27833447,8.385009228,8.207793091,9.722822216,10.26624706,16.25035528,10.52772267,10.32316401,10.75896557,11.63377845
GSM3816625,1,9.328855491,13.27538119,11.26848558,13.43454842,12.52224696,12.98915421,10.98114933,9.031412263,10.32647348,10.74138992,15.46939433,12.23498198,10.98602032,11.0503185,12.00103889
GSM3816626,0,8.454261296,9.605944373,9.918350429,9.898633491,11.23508611,12.14251186,7.632046741,8.121641561,8.842335468,10.04196284,14.76709601,10.88829432,10.29218339,9.405231899,10.67157022
GSM3816627,0,9.040032194,11.53862134,9.388483725,10.7208975,11.35249659,10.25578316,7.442479083,7.631332298,8.46599849,10.06878412,15.15322817,9.976546099,10.78735023,10.10746448,10.57850891
GSM3816628,0,8.827051812,12.30135699,9.876532504,11.88095914,11.77671523,11.64589487,7.769559786,7.800353227,8.786689496,9.803688473,15.09547058,10.82480954,11.59191883,9.850429065,10.90558441
GSM3816629,1,10.29040942,14.56351595,12.89901857,14.18557695,13.42653594,13.32925526,9.503532607,10.13082611,12.77699941,12.09545899,15.74791017,11.72845256,12.68846844,12.32204367,12.75187094
GSM3816630,1,8.774242322,11.78390731,9.340935257,11.35688844,11.0834958,11.52317883,8.728339029,8.045797033,7.549232263,9.789238876,15.09118821,10.87048356,10.75692782,10.22046558,10.5217471
GSM3816631,1,9.010325368,11.88612938,9.68415904,10.95360517,11.13643054,9.67161559,8.805672746,8.016712851,8.346176388,10.45713668,14.26045838,8.805198909,9.842690056,10.36224898,11.30445244
GSM3816632,1,8.962871786,11.21590743,9.940686893,11.09254813,11.13622195,10.39800455,9.302777394,7.436598815,7.88385714,9.954768923,15.30069459,8.585661324,10.98168384,9.990129057,11.97941172
GSM3816633,1,8.997936111,12.22672799,10.83471478,12.05918613,11.9177104,11.25239827,9.784763724,7.524888798,8.467312189,10.78347217,15.61687924,9.932455209,10.18900106,9.882911573,11.57717731
GSM3816634,1,9.33937336,12.13863255,10.73297933,12.81855068,12.68843892,12.09408922,10.1148791,8.625181871,9.562285017,11.26371057,16.82578606,10.44491694,11.26014797,12.08464167,12.47941064
GSM3816635,1,9.269062462,13.11501537,11.62928493,13.64243631,13.15842356,12.36175686,9.86857635,9.321815593,10.36373622,11.47380365,15.97456973,11.27027699,11.94567977,11.11464352,12.24698705
GSM3816636,1,8.493197326,11.80558905,8.477930176,10.90491383,10.93936513,9.933028411,8.038194649,7.511923332,8.192679388,9.826729306,15.3087709,9.024661119,9.798990796,10.29644741,10.14256694
GSM3816637,1,9.783429248,12.93555747,12.26366585,11.32640969,12.8038946,12.51287576,12.15975373,9.124687103,11.89974136,11.86787252,16.38721331,11.08217135,12.18675237,12.79695555,12.95702726
GSM3816638,1,9.912205676,12.91395401,12.47840937,11.97839326,12.13617139,12.97114785,9.611525231,8.588384668,10.81183651,11.00723057,16.02396295,11.41219105,10.56805863,11.87552589,13.3852356
GSM3816639,0,8.739580434,11.0666744,11.34353507,11.01004615,11.44015876,11.01743563,9.336870689,8.578471991,8.798110738,10.57553621,14.94546813,10.85486854,10.99859107,10.30227044,11.28707869
GSM3816640,1,8.303372298,9.713527978,8.365206917,8.986949487,9.590230526,9.574007314,7.532790143,7.604007353,8.268516223,9.692130422,14.31144849,8.158391107,8.990671898,9.781796308,10.15443915
GSM3816641,0,8.94639515,12.04249817,12.30035725,10.9145176,11.95237964,12.11915426,8.869062249,9.154743075,10.12245233,11.38617857,15.63843114,11.63370293,11.88957712,10.16906818,12.84309946
GSM3816642,1,8.851833927,10.80462415,10.70912897,12.68817763,12.21210604,11.2052704,10.01120494,9.512303899,10.21305851,10.47214688,15.70137949,11.0974661,11.44775089,11.15793658,11.81082596
GSM3816643,0,8.525706505,10.80773874,9.566902262,9.761139192,10.57107984,11.42837746,7.934221606,8.131409279,9.132990649,10.6071422,15.09547058,10.66758553,10.15733748,10.05483451,11.08202315
GSM3816644,0,8.628756174,9.948448439,8.118721685,8.495280273,9.389926668,7.85215738,6.963449164,7.351852404,8.567637472,10.13895804,14.2282978,8.026506298,8.697171205,10.08681023,9.905117827
GSM3816645,0,8.77070168,11.71434114,10.8357399,11.56482452,11.20958947,11.71774471,7.666666673,8.279100151,9.193482533,10.88067365,15.15322817,10.95063935,10.32647348,10.31503531,11.66480429
GSM3816646,0,8.467904381,9.872234912,8.825957636,9.16019101,10.84310975,10.50042757,7.625972979,7.377201822,7.63585157,9.416867593,14.29334284,9.317899165,10.54264012,8.950648862,11.42142712
GSM3816647,0,8.649127973,10.19883805,9.744291053,10.79754927,11.63310093,10.17408753,8.630570151,8.072146264,8.473895837,9.961868821,14.94179374,11.30116575,10.26823085,10.15793298,11.10546337
GSM3816648,0,8.742278001,10.77587077,10.11814825,10.96196772,11.88675943,10.69223475,8.52587833,8.033088603,8.005694465,10.41497703,15.17262634,10.16954171,11.22242932,9.921636547,11.73615864
GSM3816649,1,9.813776051,11.9029554,12.38788592,12.19221879,12.70073417,12.49890271,9.573710526,9.137397098,10.59539242,12.34187175,16.33782064,11.32828326,12.4948551,12.16620371,12.73269195
GSM3816650,1,9.320206009,12.21399502,11.14742877,11.50059299,10.83234836,11.48123525,8.631265042,7.813817183,8.788356632,10.38030415,15.47912495,10.0665176,9.145997098,11.54225805,11.2729267
GSM3816651,1,9.394109628,13.5188538,11.7375552,13.52214004,12.51338669,12.35480317,9.529353326,9.218089471,13.28321593,11.86865268,16.73893963,10.87764215,12.53871292,12.20518622,11.98105941
GSM3816652,0,8.545959517,10.48377626,9.270583844,9.730499119,10.23904437,9.860823001,7.069884519,7.454869696,8.210931018,10.01185177,14.47405846,8.606283289,9.808680293,9.734364508,10.73514282
GSM3816653,1,8.828479692,12.46740834,9.530567186,12.34995256,11.74683383,10.94995144,7.771629902,7.679683121,8.593336632,10.40461198,15.13839364,10.19303406,10.37335127,10.61797859,10.81642222
GSM3816654,1,8.999565261,11.42377004,9.837349616,11.22263406,11.27500439,11.60021436,9.464632752,8.543939056,7.834923805,9.519826448,15.25541166,10.14950609,10.71752053,10.25812939,11.27534588
GSM3816655,1,9.45117476,11.97523109,12.58324568,12.18851719,12.47485503,14.18174175,9.596753669,8.955352714,10.62447266,11.21659712,15.50628844,12.33829734,11.67782209,10.88068877,12.66575372
GSM3816656,1,8.942939591,10.29583088,10.21653602,8.087175322,10.36984705,10.45076084,7.359174265,8.153365569,8.912318615,10.05624317,13.93488053,9.355869728,9.9780637,9.772655896,10.68942562
GSM3816657,0,8.550608146,10.99245119,11.30207819,11.09662614,11.56721987,11.76670578,8.963118576,8.379144266,9.237937669,10.73087877,14.7007014,11.3094565,10.91718679,9.76174717,11.83139304
